[{"model": "licences.licence", "pk": 2, "fields": {"category": "A1", "description": "Motocicletas con cilindraje igual o inferior a 125 de servicio particular."}}, {"model": "licences.licence", "pk": 3, "fields": {"category": "A2", "description": "Motocicletas con cilindraje superior a 125cc de servicio particular (Aplica para cualquier cilindraje)."}}, {"model": "licences.licence", "pk": 4, "fields": {"category": "B1", "description": "Autom\u00f3viles, motocarros, camionetas y microbuses de servicio particular."}}, {"model": "licences.licence", "pk": 5, "fields": {"category": "C1", "description": "Autom\u00f3viles, motocarros, camionetas y microbuses de servicio p\u00fablico y particular (mixta)."}}, {"model": "licences.licence", "pk": 6, "fields": {"category": "C2", "description": "Camiones r\u00edgidos, buses y busetas de servicio p\u00fablico y particular."}}, {"model": "licences.licence", "pk": 8, "fields": {"category": "C3", "description": "veh\u00edculos articulados de servicio p\u00fablico"}}, {"model": "licences.agerange", "pk": 1, "fields": {"start_age": 16, "end_age": 25}}, {"model": "licences.agerange", "pk": 2, "fields": {"start_age": 26, "end_age": 35}}, {"model": "licences.agerange", "pk": 3, "fields": {"start_age": 36, "end_age": 50}}, {"model": "licences.agerange", "pk": 4, "fields": {"start_age": 51, "end_age": 65}}, {"model": "licences.agerange", "pk": 5, "fields": {"start_age": 66, "end_age": 80}}, {"model": "licences.agerange", "pk": 6, "fields": {"start_age": 81, "end_age": 99}}, {"model": "licences.ansvranges", "pk": 2, "fields": {"licence": 2, "gender": "M", "age_range": 1, "price": 5400}}, {"model": "licences.ansvranges", "pk": 3, "fields": {"licence": 2, "gender": "M", "age_range": 2, "price": 5500}}, {"model": "licences.ansvranges", "pk": 4, "fields": {"licence": 2, "gender": "M", "age_range": 3, "price": 5700}}, {"model": "licences.ansvranges", "pk": 5, "fields": {"licence": 2, "gender": "M", "age_range": 4, "price": 5500}}, {"model": "licences.ansvranges", "pk": 6, "fields": {"licence": 2, "gender": "M", "age_range": 5, "price": 5300}}, {"model": "licences.ansvranges", "pk": 7, "fields": {"licence": 2, "gender": "M", "age_range": 6, "price": 5300}}, {"model": "licences.ansvranges", "pk": 8, "fields": {"licence": 3, "gender": "M", "age_range": 1, "price": 5400}}, {"model": "licences.ansvranges", "pk": 9, "fields": {"licence": 3, "gender": "M", "age_range": 2, "price": 5300}}, {"model": "licences.ansvranges", "pk": 10, "fields": {"licence": 3, "gender": "M", "age_range": 3, "price": 5700}}, {"model": "licences.ansvranges", "pk": 11, "fields": {"licence": 3, "gender": "M", "age_range": 4, "price": 5500}}, {"model": "licences.ansvranges", "pk": 12, "fields": {"licence": 3, "gender": "M", "age_range": 5, "price": 5300}}, {"model": "licences.ansvranges", "pk": 13, "fields": {"licence": 3, "gender": "M", "age_range": 6, "price": 5300}}, {"model": "licences.ansvranges", "pk": 14, "fields": {"licence": 4, "gender": "M", "age_range": 1, "price": 5400}}, {"model": "licences.ansvranges", "pk": 15, "fields": {"licence": 4, "gender": "M", "age_range": 2, "price": 5500}}, {"model": "licences.ansvranges", "pk": 16, "fields": {"licence": 4, "gender": "M", "age_range": 3, "price": 5700}}, {"model": "licences.ansvranges", "pk": 17, "fields": {"licence": 4, "gender": "M", "age_range": 4, "price": 5500}}, {"model": "licences.ansvranges", "pk": 18, "fields": {"licence": 4, "gender": "M", "age_range": 5, "price": 5300}}, {"model": "licences.ansvranges", "pk": 19, "fields": {"licence": 4, "gender": "M", "age_range": 6, "price": 5200}}, {"model": "licences.ansvranges", "pk": 20, "fields": {"licence": 5, "gender": "M", "age_range": 1, "price": 5300}}, {"model": "licences.ansvranges", "pk": 21, "fields": {"licence": 5, "gender": "M", "age_range": 2, "price": 5500}}, {"model": "licences.ansvranges", "pk": 22, "fields": {"licence": 5, "gender": "M", "age_range": 3, "price": 5600}}, {"model": "licences.ansvranges", "pk": 23, "fields": {"licence": 5, "gender": "M", "age_range": 4, "price": 5400}}, {"model": "licences.ansvranges", "pk": 24, "fields": {"licence": 5, "gender": "M", "age_range": 5, "price": 5200}}, {"model": "licences.ansvranges", "pk": 25, "fields": {"licence": 5, "gender": "M", "age_range": 6, "price": 5200}}, {"model": "licences.ansvranges", "pk": 26, "fields": {"licence": 6, "gender": "M", "age_range": 1, "price": 5500}}, {"model": "licences.ansvranges", "pk": 27, "fields": {"licence": 6, "gender": "M", "age_range": 2, "price": 5700}}, {"model": "licences.ansvranges", "pk": 28, "fields": {"licence": 6, "gender": "M", "age_range": 3, "price": 5800}}, {"model": "licences.ansvranges", "pk": 29, "fields": {"licence": 6, "gender": "M", "age_range": 4, "price": 5600}}, {"model": "licences.ansvranges", "pk": 30, "fields": {"licence": 6, "gender": "M", "age_range": 5, "price": 5400}}, {"model": "licences.ansvranges", "pk": 31, "fields": {"licence": 6, "gender": "M", "age_range": 6, "price": 5300}}, {"model": "licences.ansvranges", "pk": 38, "fields": {"licence": 2, "gender": "F", "age_range": 1, "price": 5200}}, {"model": "licences.ansvranges", "pk": 39, "fields": {"licence": 2, "gender": "F", "age_range": 2, "price": 5400}}, {"model": "licences.ansvranges", "pk": 40, "fields": {"licence": 2, "gender": "F", "age_range": 3, "price": 5600}}, {"model": "licences.ansvranges", "pk": 41, "fields": {"licence": 2, "gender": "F", "age_range": 4, "price": 5400}}, {"model": "licences.ansvranges", "pk": 42, "fields": {"licence": 2, "gender": "F", "age_range": 5, "price": 5100}}, {"model": "licences.ansvranges", "pk": 43, "fields": {"licence": 2, "gender": "F", "age_range": 6, "price": 5000}}, {"model": "licences.ansvranges", "pk": 44, "fields": {"licence": 3, "gender": "F", "age_range": 1, "price": 5200}}, {"model": "licences.ansvranges", "pk": 45, "fields": {"licence": 3, "gender": "F", "age_range": 2, "price": 5400}}, {"model": "licences.ansvranges", "pk": 46, "fields": {"licence": 3, "gender": "F", "age_range": 3, "price": 5600}}, {"model": "licences.ansvranges", "pk": 47, "fields": {"licence": 3, "gender": "F", "age_range": 4, "price": 5400}}, {"model": "licences.ansvranges", "pk": 48, "fields": {"licence": 3, "gender": "F", "age_range": 5, "price": 5100}}, {"model": "licences.ansvranges", "pk": 49, "fields": {"licence": 3, "gender": "F", "age_range": 6, "price": 5000}}, {"model": "licences.ansvranges", "pk": 50, "fields": {"licence": 4, "gender": "F", "age_range": 1, "price": 5200}}, {"model": "licences.ansvranges", "pk": 51, "fields": {"licence": 4, "gender": "F", "age_range": 2, "price": 5400}}, {"model": "licences.ansvranges", "pk": 52, "fields": {"licence": 4, "gender": "F", "age_range": 3, "price": 5600}}, {"model": "licences.ansvranges", "pk": 53, "fields": {"licence": 4, "gender": "F", "age_range": 4, "price": 5400}}, {"model": "licences.ansvranges", "pk": 54, "fields": {"licence": 4, "gender": "F", "age_range": 5, "price": 5100}}, {"model": "licences.ansvranges", "pk": 55, "fields": {"licence": 4, "gender": "F", "age_range": 6, "price": 5000}}, {"model": "licences.ansvranges", "pk": 56, "fields": {"licence": 5, "gender": "F", "age_range": 1, "price": 5100}}, {"model": "licences.ansvranges", "pk": 57, "fields": {"licence": 5, "gender": "F", "age_range": 2, "price": 5300}}, {"model": "licences.ansvranges", "pk": 58, "fields": {"licence": 5, "gender": "F", "age_range": 3, "price": 5500}}, {"model": "licences.ansvranges", "pk": 59, "fields": {"licence": 5, "gender": "F", "age_range": 4, "price": 5300}}, {"model": "licences.ansvranges", "pk": 60, "fields": {"licence": 5, "gender": "F", "age_range": 5, "price": 5000}}, {"model": "licences.ansvranges", "pk": 61, "fields": {"licence": 5, "gender": "F", "age_range": 6, "price": 4900}}, {"model": "licences.ansvranges", "pk": 62, "fields": {"licence": 6, "gender": "F", "age_range": 1, "price": 5300}}, {"model": "licences.ansvranges", "pk": 63, "fields": {"licence": 6, "gender": "F", "age_range": 2, "price": 5600}}, {"model": "licences.ansvranges", "pk": 64, "fields": {"licence": 6, "gender": "F", "age_range": 3, "price": 5800}}, {"model": "licences.ansvranges", "pk": 65, "fields": {"licence": 6, "gender": "F", "age_range": 4, "price": 5500}}, {"model": "licences.ansvranges", "pk": 66, "fields": {"licence": 6, "gender": "F", "age_range": 5, "price": 5200}}, {"model": "licences.ansvranges", "pk": 67, "fields": {"licence": 6, "gender": "F", "age_range": 6, "price": 5200}}]